Budget (USD),Duration (Months),NumWorkers,SafetyIncidents,Location,ProjectType,MaterialType,ProjectPhase
801976.5588496847,13.909114358886551,25,0,Los Angeles,Infrastructure,Wood,Execution
4462830.849561451,41.549994915827774,249,11,New York,Industrial,Wood,Closing
2878827.8358482216,38.59688953103648,240,7,Phoenix,Infrastructure,Steel,Closing
4587195.077900009,27.338769573901573,264,10,Los Angeles,Infrastructure,Wood,Planning
4633083.364738355,49.70608718231875,232,10,Los Angeles,Infrastructure,Wood,Closing
584200.9978155856,7.199094799015152,65,2,Los Angeles,Commercial,Steel,Closing
4321442.496901623,42.56807232115548,251,8,Chicago,Industrial,Steel,Planning
4302839.2382664345,38.57922451035601,274,11,San Diego,Commercial,Brick,Planning
2278041.509803463,22.78905153175932,150,4,San Diego,Residential,Wood,Planning
3174903.4148265044,26.751173865758663,176,7,Phoenix,Infrastructure,Brick,Closing
2015727.038063218,10.00899657733946,168,5,Chicago,Residential,Brick,Closing
4269333.519358851,31.56327826444645,214,9,Phoenix,Industrial,Concrete,Closing
759114.3679807627,6.741998261970915,93,2,San Diego,Residential,Steel,Planning
682843.0601419744,18.345107626446964,45,0,Chicago,Residential,Steel,Execution
2155672.215233328,17.244071418357333,134,5,Phoenix,Industrial,Steel,Planning
4400613.594976405,39.087155128102296,230,10,New York,Infrastructure,Concrete,Planning
4439563.882603476,26.984314560863503,243,10,San Jose,Residential,Concrete,Execution
4622043.2339178445,40.78486480484217,238,10,San Jose,Residential,Wood,Execution
4536212.5485542165,46.51639018658032,262,10,Houston,Commercial,Glass,Closing
1142945.026583278,10.176317759858645,36,1,Houston,Industrial,Concrete,Planning
734579.6581171792,11.70575987408322,56,2,Los Angeles,Residential,Steel,Closing
2762117.6214265344,38.21336476627982,182,9,San Antonio,Residential,Brick,Closing
4470011.856184178,32.83424092737644,240,10,San Jose,Infrastructure,Glass,Closing
647226.6165326613,4.703932390555242,49,2,Phoenix,Industrial,Steel,Execution
1902230.1156427453,14.401912833554944,153,3,Phoenix,Industrial,Steel,Execution
979854.6652571352,6.484117874370563,49,3,New York,Industrial,Steel,Planning
801510.0781445529,9.627770421169163,12,1,Dallas,Industrial,Glass,Closing
2132576.2537334827,25.867369287426627,154,4,Chicago,Infrastructure,Brick,Planning
784173.0876255884,9.080083318236603,50,1,Los Angeles,Industrial,Glass,Execution
4545799.278491868,30.710492743008565,262,10,New York,Industrial,Wood,Execution
2318901.0126449945,15.76519325840836,130,3,Dallas,Commercial,Glass,Closing
3374193.0350743565,31.94807088685452,183,9,Philadelphia,Infrastructure,Wood,Execution
2947097.031737878,19.98068817796624,213,7,San Diego,Residential,Wood,Closing
493939.1202658211,14.362286641400724,63,1,San Antonio,Infrastructure,Brick,Execution
2199209.537161163,16.216024557152696,122,7,San Antonio,Residential,Concrete,Execution
4592873.972709315,37.24724034145756,256,9,Chicago,Infrastructure,Steel,Execution
2107301.9687140808,15.507660091044814,151,5,Chicago,Infrastructure,Glass,Planning
4564416.4621533975,39.94453998025699,234,11,Chicago,Residential,Brick,Execution
1865301.8751512263,21.39497081111901,133,7,San Antonio,Infrastructure,Concrete,Planning
3075281.905219503,25.48974222821245,183,9,Philadelphia,Commercial,Brick,Planning
3017731.5181922875,30.986578537027977,188,8,Dallas,Industrial,Steel,Planning
3039004.996805625,26.20858965556205,177,9,San Jose,Residential,Steel,Planning
2237894.097784928,13.86196092431504,162,6,New York,Residential,Wood,Closing
1162149.5849763977,18.77670421221602,45,2,Los Angeles,Commercial,Steel,Closing
4452806.002557806,43.72092855157517,258,10,Los Angeles,Residential,Concrete,Planning
736784.0402705367,3.944919001187717,37,1,Phoenix,Infrastructure,Wood,Execution
2820930.735527396,27.95949580419889,180,9,Los Angeles,Infrastructure,Steel,Execution
4747530.751502399,41.89883818020448,231,10,Los Angeles,Industrial,Steel,Execution
3323442.514993725,30.521779687616064,182,7,Dallas,Commercial,Concrete,Planning
2773959.255065216,42.058383377892106,230,9,San Antonio,Commercial,Steel,Closing
797122.9116217132,13.854325969434834,20,2,San Jose,Industrial,Concrete,Closing
4104902.445756572,43.75549727253655,209,10,Dallas,Industrial,Brick,Execution
2174013.546137751,22.47840943986302,153,5,New York,Infrastructure,Concrete,Planning
2936030.4953490314,30.758789961243703,183,10,Philadelphia,Industrial,Steel,Execution
1109537.3053699045,13.20421430633505,39,2,Phoenix,Industrial,Glass,Execution
2237477.2103129504,32.94781821009307,162,5,San Diego,Commercial,Brick,Planning
1754846.8673995316,12.6781255989509,154,6,Phoenix,Residential,Brick,Planning
2782073.3925315225,26.076190459361484,193,7,Los Angeles,Industrial,Concrete,Planning
4432175.544145992,41.85030557634478,248,10,Dallas,Industrial,Brick,Planning
1718736.5072656332,19.58447213685653,120,6,San Jose,Industrial,Concrete,Execution
1866185.4522680168,25.19952343698038,138,7,San Antonio,Infrastructure,Concrete,Planning
4481411.158677283,38.80249038989125,272,10,Phoenix,Commercial,Steel,Planning
2193891.4401053474,22.135971809358423,137,7,Los Angeles,Infrastructure,Glass,Closing
655613.6268421133,15.44475298483683,51,0,Houston,Commercial,Wood,Closing
1903451.2955635933,15.233356958706436,152,7,Phoenix,Commercial,Concrete,Planning
4736378.218591993,42.40454046374448,246,9,Dallas,Residential,Brick,Execution
607430.8434645671,10.532151138459485,45,3,Los Angeles,Commercial,Brick,Planning
2864964.345005124,29.27740664642241,184,8,Chicago,Industrial,Steel,Planning
2237782.674294929,23.54151923600532,157,6,San Diego,Industrial,Glass,Execution
4588954.761566319,35.87173158598929,253,10,Chicago,Infrastructure,Concrete,Planning
4548576.402630055,29.589506484055065,261,9,San Diego,Infrastructure,Wood,Closing
4720775.468663252,42.37583873247691,250,9,Dallas,Industrial,Glass,Closing
4335212.9026056,36.40445274275407,291,10,Dallas,Industrial,Steel,Execution
3136043.22109009,35.96253756238988,164,8,Dallas,Infrastructure,Steel,Execution
4821756.171146874,44.14114845092311,272,10,San Jose,Commercial,Brick,Closing
4206642.961876865,37.492989265571815,270,11,New York,Commercial,Glass,Closing
509940.7185888448,8.327493820795258,41,0,San Jose,Infrastructure,Wood,Planning
2626692.0097278766,35.03756844918461,186,9,San Diego,Residential,Brick,Execution
4601248.197861185,47.23652849695903,261,9,Phoenix,Commercial,Concrete,Planning
4569341.995520984,52.55778275792212,213,10,San Jose,Industrial,Steel,Closing
2961992.192999701,28.212772885947864,196,9,Chicago,Industrial,Steel,Planning
4695563.10993724,29.471765290798377,273,11,Chicago,Residential,Wood,Closing
2033730.9343933456,22.209703247847045,128,6,Chicago,Industrial,Glass,Closing
990242.784432789,7.959623134892243,9,0,Los Angeles,Infrastructure,Steel,Planning
2944223.321169849,34.225789855921604,199,7,San Diego,Industrial,Brick,Planning
2102621.1596352165,18.70226661208041,165,6,Los Angeles,Commercial,Concrete,Closing
774059.1263423797,12.572194170293743,64,0,Houston,Infrastructure,Brick,Planning
2139644.662722718,21.967426927108747,168,6,Los Angeles,Residential,Glass,Execution
3067011.6058168234,31.58077978591389,209,6,San Jose,Industrial,Wood,Closing
4427992.146248603,36.3596145107234,257,10,San Jose,Infrastructure,Glass,Planning
1962942.4682244584,19.35089650133287,151,5,Phoenix,Residential,Wood,Planning
3081952.5591918994,25.694560449132148,228,9,Dallas,Industrial,Concrete,Planning
2118950.868333057,24.26707779390154,165,5,Houston,Commercial,Wood,Planning
654165.152430942,9.071705116680914,28,0,Dallas,Commercial,Steel,Planning
871579.3019433079,10.93304561578179,41,1,Philadelphia,Industrial,Concrete,Planning
914634.1167923828,10.36658983594202,24,0,Phoenix,Commercial,Glass,Closing
2336785.538291573,17.7055786856553,172,5,Houston,Industrial,Brick,Planning
4375593.038889124,42.913687915869325,260,11,Los Angeles,Residential,Concrete,Execution
542550.7691347087,9.048306609581958,32,0,Houston,Industrial,Concrete,Execution
4144797.64919032,45.31970493780428,255,11,San Antonio,Industrial,Concrete,Execution
3064811.405644312,24.261543050921663,202,5,San Jose,Residential,Wood,Execution
1973748.6065815391,20.38425941479384,146,4,Dallas,Infrastructure,Wood,Planning
2696565.260665664,33.752895837608826,192,7,Dallas,Residential,Concrete,Planning
2259398.9093122217,19.88565968850559,130,4,Houston,Infrastructure,Brick,Planning
2835516.01352356,35.60515333662236,200,8,Philadelphia,Infrastructure,Concrete,Closing
3111102.5292684496,25.40656744256953,192,8,Philadelphia,Residential,Wood,Planning
4408430.322763503,39.20318883927047,243,9,Phoenix,Residential,Glass,Closing
2070126.019854712,22.44593565073832,163,6,Phoenix,Industrial,Concrete,Planning
745819.6812071704,10.58663691654391,76,0,Dallas,Commercial,Steel,Execution
4586452.590126831,42.35022093684101,236,9,San Diego,Industrial,Wood,Execution
4230084.757689694,37.92393116047364,251,10,Dallas,Industrial,Concrete,Execution
1871703.6809554093,22.159612723369705,166,6,Houston,Commercial,Concrete,Planning
3032003.6451705573,32.50891368083772,222,9,Chicago,Industrial,Steel,Planning
4168675.358464445,37.37775931868674,235,11,Dallas,Commercial,Concrete,Closing
983556.4123319614,11.272104216506063,57,1,Chicago,Commercial,Wood,Closing
3110459.9875359046,33.12815466823,186,9,New York,Residential,Concrete,Execution
2059750.581673137,16.24104474952408,141,6,San Jose,Commercial,Wood,Planning
3151357.7359973965,33.062343970068014,180,8,Phoenix,Infrastructure,Steel,Execution
4755078.147599803,39.24142783211386,261,11,Dallas,Commercial,Wood,Execution
818723.6579136923,1.1847992231863298,56,1,New York,Industrial,Steel,Execution
4126051.660060916,38.05739612408495,254,10,Philadelphia,Residential,Steel,Execution
4528609.753975791,44.248059942581065,264,11,Chicago,Commercial,Wood,Closing
4852237.624973475,39.99843163694113,226,10,Philadelphia,Commercial,Concrete,Closing
4614748.884200882,33.61847791730832,224,10,San Jose,Industrial,Wood,Closing
2557627.617734099,37.66716850648163,172,8,San Diego,Residential,Brick,Closing
3184360.3003954506,32.41343943604606,208,9,Houston,Industrial,Steel,Planning
2928046.270842183,23.36976156958981,192,8,San Jose,Residential,Wood,Planning
2902559.4157610144,28.240393410917456,185,7,San Antonio,Infrastructure,Wood,Execution
3399133.497956793,45.549592780026806,212,8,Houston,Industrial,Steel,Execution
3244616.613419065,28.70572799815084,207,7,San Jose,Infrastructure,Steel,Execution
2011402.6249794168,21.342961394316283,181,6,San Jose,Industrial,Steel,Closing
1948240.78746658,27.993235852523583,161,5,Philadelphia,Residential,Brick,Execution
772845.5297324079,10.751508807309389,43,1,Dallas,Commercial,Brick,Closing
4118438.488424522,35.698074946102494,242,12,Houston,Commercial,Glass,Execution
4422460.016718288,37.93192167185179,240,9,Chicago,Residential,Brick,Closing
2729785.126758396,23.38771021628215,210,9,San Antonio,Commercial,Brick,Closing
4285829.516263112,49.55709543569861,224,10,San Antonio,Industrial,Concrete,Closing
811560.3537784119,1.449158036716872,23,2,San Antonio,Residential,Concrete,Execution
2991435.323737685,30.290113674041976,217,6,Philadelphia,Commercial,Glass,Planning
3190289.855411617,28.16746489815974,166,7,Los Angeles,Residential,Wood,Closing
2922995.637657427,31.91494492370464,203,6,Philadelphia,Infrastructure,Brick,Planning
2450499.031454953,27.501349119241848,189,9,San Diego,Infrastructure,Brick,Execution
582156.4953554723,8.453938120743928,57,2,San Diego,Infrastructure,Glass,Execution
4598285.89054404,42.84880178599323,254,10,Dallas,Commercial,Brick,Closing
659538.7361501846,-2.119396633144783,18,2,San Antonio,Residential,Wood,Execution
4740106.331694774,40.70179934924023,211,9,New York,Infrastructure,Concrete,Planning
4309536.7238522405,36.615024307707344,235,11,Los Angeles,Infrastructure,Wood,Planning
4677500.793482812,43.804233271557386,251,10,Houston,Industrial,Steel,Closing
4790185.509655843,49.03598321818943,216,9,Houston,Residential,Concrete,Closing
1719478.9456400613,28.74788371593469,125,4,Dallas,Industrial,Concrete,Closing
2979349.04797019,21.784055944229163,196,10,Phoenix,Industrial,Glass,Planning
1973473.250723485,15.127353476646793,172,5,San Antonio,Industrial,Steel,Planning
4465439.652520707,43.85960077418338,259,9,San Antonio,Residential,Concrete,Planning
740882.7967289004,11.216697246613458,45,1,San Diego,Infrastructure,Concrete,Closing
4755393.077217638,41.69011740550854,226,9,Houston,Residential,Glass,Closing
4191439.696958071,36.83622485057481,262,9,Los Angeles,Commercial,Glass,Planning
2239314.3003328983,19.20735213486515,149,4,Chicago,Industrial,Wood,Closing
438674.1652952193,13.030049756728198,24,3,Phoenix,Industrial,Wood,Execution
865311.3926111533,11.55625077271768,112,2,Phoenix,Residential,Brick,Execution
1814529.3731618847,21.19184491367393,170,6,Houston,Infrastructure,Concrete,Planning
2046757.1823581487,12.220521768981865,157,6,Philadelphia,Commercial,Wood,Execution
2334514.477367541,22.095095046830227,136,5,Phoenix,Industrial,Brick,Planning
4417555.850995106,44.56736866008704,261,10,Los Angeles,Infrastructure,Concrete,Execution
4960727.750420958,32.60277888430138,275,11,Los Angeles,Infrastructure,Steel,Closing
4196130.784904632,25.839222009447155,241,11,Philadelphia,Infrastructure,Glass,Planning
4620618.936989767,35.74732360626478,300,10,San Jose,Infrastructure,Wood,Execution
2569331.416025752,35.485763558768475,190,7,Phoenix,Commercial,Brick,Execution
2868376.7021849486,28.481369856116675,173,7,Houston,Infrastructure,Brick,Planning
1726624.2603169158,18.87617299053658,127,3,San Diego,Infrastructure,Wood,Execution
1982343.590329749,32.898546688271594,134,7,San Antonio,Industrial,Concrete,Planning
4482512.934244564,42.74159813777249,269,10,San Jose,Residential,Glass,Planning
879096.8362282151,20.8162736165273,44,1,Philadelphia,Residential,Brick,Execution
3110295.255047905,31.702946082002484,208,7,Dallas,Infrastructure,Glass,Execution
4699116.302800406,48.51586304959019,217,8,San Diego,Residential,Concrete,Planning
527884.8309068342,18.76135221711812,69,2,Dallas,Industrial,Concrete,Execution
759704.3255889654,5.845249417944811,55,1,San Jose,Industrial,Wood,Closing
732052.8611425547,17.200586077247365,36,3,Philadelphia,Commercial,Brick,Execution
1930269.573118428,18.25371147840785,144,7,San Jose,Industrial,Concrete,Closing
4084437.6360287606,38.39851097731679,283,10,Dallas,Infrastructure,Glass,Closing
1255386.4851747244,7.3456561353983965,40,2,San Diego,Industrial,Wood,Execution
4567710.575257183,35.310372117318,254,9,San Diego,Industrial,Concrete,Closing
2123830.8522010394,30.287477348558493,150,4,Houston,Residential,Steel,Closing
4343960.174176508,46.6528745201952,226,11,Chicago,Residential,Concrete,Execution
2864858.3841676777,30.170762087440124,178,7,San Antonio,Infrastructure,Glass,Execution
2176621.955429432,19.61081401493599,146,8,New York,Infrastructure,Wood,Closing
2552353.7533350056,19.396499236824667,188,8,Dallas,Residential,Brick,Execution
1787521.294370624,22.141535486038244,146,6,Los Angeles,Industrial,Steel,Closing
2851503.153492323,27.57347082316066,225,10,San Diego,Infrastructure,Wood,Execution
4472120.559867353,43.69826575862336,212,11,San Jose,Commercial,Wood,Execution
4385650.791608788,41.66303755162099,269,10,Philadelphia,Residential,Concrete,Planning
1924174.4518025024,18.982098199488192,138,4,Houston,Commercial,Steel,Planning
4514250.749982178,33.53246187397952,236,9,Houston,Commercial,Wood,Planning
547433.7759331153,11.57123666297637,32,0,San Diego,Industrial,Concrete,Closing
2108292.545640957,23.79577580151324,138,2,San Antonio,Residential,Brick,Planning
2081963.7313857025,18.793711726907286,163,7,Houston,Commercial,Glass,Closing
792818.7488260408,3.77130610644006,53,1,Phoenix,Industrial,Concrete,Closing
1842443.249618352,16.89576200874442,147,5,San Antonio,Commercial,Glass,Planning
2992138.542474474,29.327516077991337,207,9,San Jose,Commercial,Wood,Planning
4842408.0568035785,31.261817450858693,259,10,Chicago,Industrial,Concrete,Closing
2050747.9322989148,22.338465858827167,172,5,San Antonio,Residential,Wood,Execution
2224822.5439972025,24.737632310614288,135,5,Phoenix,Commercial,Concrete,Execution
2035978.830230696,26.960011431723,168,3,San Diego,Residential,Wood,Execution
4133771.02433233,33.857780843671186,208,10,San Jose,Industrial,Concrete,Planning
2147368.779418486,18.59336221440893,151,6,San Antonio,Residential,Concrete,Closing
2843246.8668827205,26.547294738418703,182,7,San Jose,Industrial,Wood,Execution
1994889.185801711,25.86364509629682,161,5,San Antonio,Industrial,Glass,Closing
4409610.125617624,36.05330747140163,250,10,Dallas,Commercial,Wood,Closing
4642921.958127324,29.75029360711261,273,10,Los Angeles,Industrial,Glass,Closing
4713034.393142877,47.263083727430896,232,9,Houston,Residential,Wood,Closing
2904755.8252910683,34.371945903563635,205,8,San Diego,Infrastructure,Glass,Planning
474136.15439709456,6.345349800290405,49,3,Los Angeles,Industrial,Wood,Planning
765160.9116387452,6.6141914424394415,70,1,San Diego,Commercial,Glass,Planning
2221636.5633475035,14.800470364372345,162,4,San Diego,Commercial,Concrete,Closing
2044936.9451503768,24.662954159365448,122,3,San Diego,Infrastructure,Brick,Execution
4778690.905504886,43.55274551148893,259,10,San Jose,Residential,Steel,Planning
1862369.9309644552,31.262179026721544,170,5,San Diego,Commercial,Glass,Execution
937656.7611951996,7.419776358913131,52,1,San Jose,Commercial,Glass,Planning
1963420.711779032,26.874382095740923,137,4,New York,Commercial,Steel,Planning
2079937.590350528,16.743215531040853,139,6,New York,Commercial,Brick,Execution
4585097.986648046,45.98623461822614,223,9,San Antonio,Infrastructure,Brick,Planning
4743638.942350851,45.28684152689112,267,10,Dallas,Infrastructure,Steel,Closing
3085177.441238608,30.09573888707876,187,8,San Antonio,Infrastructure,Glass,Planning
2080746.018067322,19.87902196804541,132,5,Dallas,Infrastructure,Brick,Execution
2878424.9478648365,27.304386484255108,189,9,Philadelphia,Commercial,Brick,Closing
2098806.037256548,21.30336882911953,139,4,Phoenix,Industrial,Glass,Closing
752785.8583825892,9.879374564449984,54,1,Philadelphia,Infrastructure,Glass,Planning
2402677.4495053245,20.682676655413687,143,5,Chicago,Infrastructure,Steel,Closing
2150668.3242209065,21.90579192441389,176,6,Los Angeles,Residential,Steel,Execution
1087428.3270145128,14.408198784747253,50,2,San Diego,Commercial,Brick,Planning
785540.2001866507,3.323278206449494,58,2,San Diego,Industrial,Brick,Planning
4365976.959909153,45.8585895735808,226,10,Philadelphia,Residential,Brick,Planning
2777708.408612593,31.232523892160025,210,9,New York,Infrastructure,Brick,Planning
2209910.543063867,17.32382394219716,176,5,Houston,Commercial,Steel,Execution
3021178.890623047,32.92206490236242,240,6,Philadelphia,Residential,Concrete,Execution
1725619.7714137286,11.932193010616295,179,5,New York,Commercial,Brick,Execution
2870125.392335715,36.60652016136506,228,7,Chicago,Industrial,Concrete,Closing
1060230.395104505,10.578373171464293,74,1,Phoenix,Infrastructure,Glass,Closing
3153641.4433263475,31.07698252728144,210,12,Philadelphia,Industrial,Wood,Closing
1961018.343929464,25.668850484335323,162,2,Dallas,Residential,Steel,Planning
4502499.86438145,54.34201527833384,217,11,Chicago,Infrastructure,Wood,Closing
696025.0129413258,5.106181421088463,41,1,New York,Residential,Steel,Planning
821557.4720696567,12.803922631841171,72,2,San Antonio,Infrastructure,Brick,Execution
591495.8523134599,9.426317792665506,60,2,Houston,Commercial,Concrete,Execution
3315623.611512437,34.92724842807609,217,8,New York,Industrial,Steel,Closing
3392517.4381061587,30.01847835923924,220,9,Houston,Commercial,Concrete,Execution
4444001.339625104,33.60484631890107,260,9,San Jose,Infrastructure,Glass,Planning
3078483.193435753,27.455181871462507,199,6,San Diego,Infrastructure,Glass,Execution
3017063.6285130046,25.95867139179537,183,9,Philadelphia,Industrial,Glass,Closing
746297.372801522,8.556706805399308,56,0,Philadelphia,Commercial,Steel,Execution
4734039.74183932,40.671482486238965,252,11,Houston,Commercial,Wood,Planning
853869.3028482344,17.66369456501289,48,1,Los Angeles,Commercial,Concrete,Closing
4720164.279684521,45.30685482436567,261,10,Chicago,Infrastructure,Steel,Closing
3096413.345467077,31.8436657365876,208,6,Houston,Commercial,Glass,Planning
4281567.273456382,44.173756631624414,268,8,San Jose,Industrial,Concrete,Planning
4833444.822310228,47.61619310856129,265,12,San Antonio,Infrastructure,Steel,Planning
3216353.345534566,23.43890403284297,212,9,Philadelphia,Industrial,Brick,Closing
641123.4550949634,10.55461294854933,27,1,San Diego,Industrial,Glass,Execution
1935464.0322315728,18.745834917724764,177,6,Philadelphia,Infrastructure,Steel,Execution
3183078.055112032,27.252298627022327,198,7,Phoenix,Industrial,Wood,Execution
915083.269797606,14.067548180003191,76,1,San Jose,Commercial,Wood,Execution
2896714.071222485,29.017667082859514,196,7,San Diego,Infrastructure,Concrete,Closing
2243431.704165099,27.60658025961225,170,5,Dallas,Residential,Steel,Closing
2779027.441387496,31.10270713506933,224,7,Houston,Commercial,Brick,Closing
4639080.49491006,34.29495745123631,248,9,New York,Industrial,Steel,Closing
3209463.541324289,35.84794996213887,195,8,Phoenix,Infrastructure,Glass,Planning
818545.0692755408,12.28376609576892,61,1,San Jose,Infrastructure,Glass,Execution
3092641.2584198248,23.16431096769877,217,7,Philadelphia,Commercial,Concrete,Closing
3252741.335530934,25.76842011267132,211,8,Dallas,Industrial,Steel,Planning
5148618.593918947,51.53958125308056,246,10,Phoenix,Residential,Brick,Closing
3195163.343868942,34.59227221971207,175,8,San Jose,Residential,Glass,Execution
2700694.148981984,26.74988032796551,198,7,New York,Infrastructure,Steel,Closing
4297880.356014217,37.42390803095879,281,11,San Antonio,Commercial,Steel,Closing
4358195.808473902,49.76629568763284,239,10,Phoenix,Commercial,Steel,Closing
3005077.684108482,20.40163421901172,200,7,Chicago,Industrial,Steel,Execution
4575830.623745224,46.15111087825394,238,8,San Antonio,Infrastructure,Wood,Closing
2912656.052791881,29.669336926870887,242,8,Houston,Industrial,Concrete,Closing
853531.8040938246,6.371280934232672,54,0,San Jose,Infrastructure,Brick,Execution
1802074.3726859328,24.70385593994108,130,5,New York,Industrial,Brick,Closing
533787.3344800206,13.07967803472132,62,1,Phoenix,Industrial,Wood,Planning
886390.5942589928,8.44866621703272,56,1,Philadelphia,Industrial,Brick,Planning
4269127.466353403,31.240855966241405,242,10,Philadelphia,Commercial,Concrete,Planning
4721180.084871462,37.18026255970879,234,10,Houston,Infrastructure,Wood,Execution
652478.7551855013,7.837209060901896,58,1,Phoenix,Industrial,Wood,Execution
1911343.5497616976,15.575986429865496,147,7,Phoenix,Residential,Brick,Closing
2797220.8095414923,30.4284358070168,181,8,Houston,Residential,Wood,Execution
822327.2050095268,6.774401226974378,57,3,San Jose,Commercial,Brick,Closing
4817967.795636137,42.870356104470005,278,9,Chicago,Infrastructure,Glass,Execution
769930.2730175282,7.482621729419003,19,1,San Diego,Infrastructure,Wood,Execution
4691677.1639684085,40.2583048842554,255,11,Phoenix,Industrial,Steel,Planning
2693778.499488856,32.57127378008917,211,8,San Antonio,Industrial,Brick,Planning
2168124.0053009107,22.7336678410069,145,5,Los Angeles,Commercial,Steel,Closing
4520687.625861621,50.21038020071872,256,10,Los Angeles,Residential,Glass,Execution
4669354.155043298,29.363862898242523,248,9,Chicago,Infrastructure,Concrete,Execution
2104567.0976071,17.131499980307105,150,7,Houston,Residential,Glass,Planning
1764192.0417680396,25.93839694230782,141,5,San Diego,Residential,Steel,Closing
845795.9651492784,11.66831052643474,71,0,Phoenix,Infrastructure,Wood,Execution
466925.8515899172,7.896773386173205,43,0,San Antonio,Residential,Wood,Planning
1791038.1611957932,10.16821705311999,191,4,Dallas,Commercial,Wood,Execution
961684.8973699176,1.2063025678844284,26,0,San Diego,Residential,Wood,Closing
2940064.670398643,29.748976914791275,252,7,Chicago,Industrial,Wood,Planning
929919.97508665,11.536497604383047,66,2,San Diego,Commercial,Concrete,Execution
867371.418760054,20.95227812904989,30,0,San Antonio,Industrial,Steel,Closing
3035042.2837817026,44.926295013017054,207,8,San Diego,Residential,Brick,Closing
740107.2580695134,13.37409746083302,28,1,San Antonio,Commercial,Concrete,Planning
416118.94377572567,12.716800961899676,37,2,Phoenix,Industrial,Glass,Execution
4556750.2047323,35.06063329549625,233,11,Los Angeles,Infrastructure,Wood,Closing
2911391.195774304,27.602535163003783,206,8,Los Angeles,Industrial,Glass,Execution
4276090.774323367,38.03235072015136,254,11,Houston,Commercial,Glass,Execution
4600048.093887314,37.33199846780417,274,9,Dallas,Infrastructure,Concrete,Closing
3360869.6219573487,29.045481041363505,214,7,Phoenix,Commercial,Steel,Planning
718398.4202842021,7.865594650262899,30,0,Philadelphia,Residential,Brick,Execution
3011986.5260532657,31.38688468979096,227,7,Philadelphia,Commercial,Concrete,Planning
4611310.624906751,33.32259215450054,260,8,Dallas,Infrastructure,Brick,Planning
1869716.3992771104,17.58057082972839,144,5,Houston,Industrial,Concrete,Planning
940084.76763721,7.115481721687985,32,1,San Diego,Industrial,Concrete,Planning
801205.9468627751,14.91345491972757,83,2,Dallas,Residential,Glass,Planning
2835097.1676944653,26.9570513838015,189,7,Dallas,Infrastructure,Glass,Closing
4377135.371180741,36.45105503883232,270,9,Phoenix,Commercial,Glass,Planning
2024640.961356897,22.75742688020234,151,7,San Jose,Residential,Brick,Execution
2322742.2538117296,22.2676715075699,145,6,Dallas,Industrial,Concrete,Closing
4197105.938163847,41.60796605669619,285,10,Houston,Commercial,Concrete,Planning
499692.1151619112,17.218823020366298,48,2,Houston,Commercial,Concrete,Planning
3003123.6667899205,34.51138586893324,182,10,Houston,Commercial,Steel,Execution
4480675.265997022,37.920165360263205,231,11,Dallas,Residential,Steel,Closing
4343599.301497793,36.20148441259857,215,10,Dallas,Residential,Steel,Planning
1760823.3875929632,22.223013341100703,174,4,San Antonio,Commercial,Steel,Planning
2794125.698363586,23.23664857078233,170,9,Philadelphia,Commercial,Concrete,Closing
4701894.357719194,35.77529280703252,220,10,Philadelphia,Industrial,Concrete,Closing
742834.7921780096,17.82321827907003,-2,2,San Jose,Industrial,Wood,Planning
1972510.2970744616,24.764372736014693,182,6,New York,Industrial,Glass,Planning
3074421.0945213726,31.945795978339643,199,9,San Antonio,Commercial,Steel,Closing
573228.5127597734,10.76862552972764,51,0,San Jose,Residential,Steel,Closing
3179413.2393774264,36.37437520639361,213,7,Los Angeles,Infrastructure,Concrete,Planning
4564157.145186537,40.97025971802937,225,10,Dallas,Infrastructure,Steel,Closing
4474469.063696362,37.19696181576345,191,12,Dallas,Industrial,Glass,Execution
591905.1089109376,12.357341785679978,88,2,Chicago,Commercial,Wood,Execution
2148419.074401861,21.49646290203246,176,7,New York,Commercial,Steel,Closing
4545152.304622351,40.08806625966829,230,11,San Jose,Residential,Steel,Planning
4489219.0301988525,35.08848209811343,272,12,Dallas,Commercial,Steel,Planning
700922.3767994259,6.231319178212552,32,0,Chicago,Residential,Glass,Planning
3138695.782382799,28.03993680040435,221,9,San Antonio,Industrial,Steel,Closing
3347770.2703706664,28.39378616941044,237,9,San Diego,Commercial,Concrete,Closing
2066396.0661138028,20.952498398895333,164,5,Dallas,Residential,Steel,Closing
3380827.3179146014,38.12979457681031,244,8,Dallas,Infrastructure,Wood,Planning
783290.4416426112,12.462256320040746,56,3,Los Angeles,Residential,Wood,Planning
4871100.662958853,41.12117372267646,243,8,New York,Infrastructure,Concrete,Closing
804315.7674390747,3.616257120898453,28,2,Philadelphia,Residential,Steel,Planning
3109776.767063473,28.72522103223151,197,8,Houston,Infrastructure,Glass,Planning
4701488.79463904,33.72538665998854,254,11,San Antonio,Industrial,Concrete,Closing
2056657.5743092285,18.705475131479613,162,5,Chicago,Commercial,Steel,Execution
1906459.7597376213,21.73251940865358,149,5,Dallas,Commercial,Brick,Planning
2929717.1528572533,37.81706679416054,184,10,Phoenix,Residential,Wood,Execution
2635879.3398902966,31.35028679195711,162,8,Los Angeles,Industrial,Brick,Execution
4736128.182490429,36.863432770243485,251,10,Los Angeles,Commercial,Concrete,Execution
4447468.095936767,38.31806527294432,269,10,San Jose,Industrial,Concrete,Execution
2874147.3212614423,37.6686385495825,189,6,Phoenix,Commercial,Brick,Execution
642048.0639381277,6.108476372988436,54,0,Dallas,Infrastructure,Wood,Closing
2998880.7962341905,33.34370827796256,178,8,New York,Industrial,Concrete,Closing
3125905.9168443624,25.97842120170004,218,7,Philadelphia,Commercial,Steel,Closing
3050633.047607596,34.10172006306228,199,8,Dallas,Infrastructure,Steel,Closing
4632940.549066622,37.23539581316349,270,10,Dallas,Infrastructure,Brick,Execution
548796.5237000596,3.92905693606134,73,2,Chicago,Infrastructure,Steel,Closing
2856233.522478254,33.725026564386404,196,8,San Jose,Infrastructure,Glass,Planning
815385.4747528326,8.904497355955678,67,0,San Jose,Residential,Glass,Execution
1921648.370191236,15.387949077507487,182,5,Philadelphia,Residential,Wood,Planning
4585663.338475048,40.38578248108858,238,10,San Diego,Commercial,Concrete,Planning
2189910.8270882647,12.575510157750482,99,6,Phoenix,Infrastructure,Brick,Execution
2037916.3233197487,25.005230462835705,96,6,San Diego,Residential,Concrete,Planning
1967973.440886672,23.356700382252328,154,4,Los Angeles,Industrial,Brick,Execution
762046.0419882053,22.31621056242643,46,1,Houston,Residential,Glass,Closing
2764881.078875029,25.524650788616977,212,7,New York,Infrastructure,Glass,Planning
2709764.861989688,29.93955526076973,175,8,Dallas,Commercial,Glass,Planning
2782969.8946884405,25.872947350105225,259,9,Chicago,Infrastructure,Steel,Planning
644047.9592465922,12.56633716556678,52,2,San Jose,Residential,Brick,Execution
2858084.0290501653,23.707475446623327,196,8,New York,Commercial,Wood,Execution
3139765.684040507,32.104864721946946,210,7,Los Angeles,Residential,Brick,Closing
1040228.7215590084,14.796354130426035,93,0,San Jose,Commercial,Brick,Closing
2583177.4121002825,38.62348324880554,194,8,Phoenix,Infrastructure,Glass,Closing
4399643.161437694,33.13767226057949,256,10,Chicago,Residential,Concrete,Execution
537539.257254779,12.367962153175908,32,3,New York,Industrial,Glass,Closing
4323786.332667742,36.43889618175474,274,11,New York,Commercial,Concrete,Execution
4668146.89642591,41.03901253676657,224,9,Phoenix,Commercial,Brick,Execution
545753.4365738573,13.541782236496768,55,0,New York,Industrial,Steel,Planning
619871.4861756347,7.564373081176519,38,0,Phoenix,Industrial,Steel,Closing
4936819.346676092,42.85253604177258,238,9,Los Angeles,Industrial,Brick,Closing
4956330.367307768,36.91179161533152,219,8,Phoenix,Industrial,Brick,Closing
1973138.2517058903,24.05404136579891,166,3,Chicago,Residential,Steel,Planning
1565466.0907971929,24.23710838575211,139,5,Houston,Infrastructure,Steel,Execution
832686.9806447402,19.38397906279033,35,0,San Diego,Industrial,Wood,Planning
2696425.2506638383,28.214853995966955,218,9,New York,Residential,Glass,Closing
646542.3099799256,17.0467372009279,96,1,Houston,Residential,Brick,Planning
2880497.961061672,37.11184930849254,235,9,Philadelphia,Commercial,Steel,Planning
598173.4676892604,10.751968932381038,57,3,San Antonio,Infrastructure,Glass,Execution
474466.1264085818,5.310874800424386,60,2,Houston,Residential,Wood,Planning
2909350.318195397,37.26233767235372,207,8,Los Angeles,Infrastructure,Steel,Closing
2879203.874806154,28.852256723198263,167,8,San Antonio,Commercial,Brick,Closing
3284549.627219988,34.631077011207964,219,9,New York,Commercial,Glass,Planning
4514536.104865869,37.9425342771891,248,10,New York,Industrial,Glass,Planning
4431490.159828447,40.852318854982855,231,10,San Jose,Infrastructure,Brick,Closing
2853808.744856905,33.789609249618096,214,10,Dallas,Commercial,Brick,Execution
4280526.336205787,32.615375362340494,235,11,San Antonio,Infrastructure,Concrete,Planning
3077361.7041378403,35.454902125929834,240,9,San Jose,Commercial,Glass,Execution
702210.390626718,5.46218168979201,38,2,Dallas,Commercial,Brick,Planning
634872.4347524452,10.610049073226808,101,1,San Jose,Infrastructure,Glass,Execution
853009.5372612096,29.26365745327361,61,2,New York,Industrial,Brick,Planning
1978539.5711991545,22.238584629051388,119,4,Chicago,Commercial,Concrete,Execution
2883989.351725992,31.197022502676884,210,8,San Jose,Infrastructure,Wood,Planning
2031971.27839948,14.86162429537021,175,4,Philadelphia,Infrastructure,Steel,Execution
3170179.592433594,29.313141058003016,208,8,New York,Residential,Steel,Planning
815226.6044484236,3.744432118073485,68,1,Chicago,Infrastructure,Concrete,Execution
806198.3735470065,6.886502400897031,46,1,Phoenix,Commercial,Steel,Closing
549171.8466495865,6.161012174479358,49,1,Houston,Commercial,Glass,Execution
3106901.1296961103,34.43827712936918,194,10,Dallas,Industrial,Glass,Planning
4469935.9079456255,38.36651893406818,229,9,Los Angeles,Commercial,Steel,Planning
3039458.453126241,31.556543367214424,234,9,Los Angeles,Residential,Glass,Planning
3171690.223331333,28.826897150212933,201,7,New York,Residential,Concrete,Closing
727534.390061834,8.895152002333885,62,2,San Jose,Infrastructure,Glass,Execution
4383643.593321589,34.13060017795514,246,12,Houston,Industrial,Glass,Closing
874823.963410431,13.1417275463214,50,0,San Jose,Infrastructure,Concrete,Execution
1856318.5468861605,24.474621884722207,144,6,New York,Infrastructure,Glass,Closing
716576.3839366292,10.733568432166614,74,0,Houston,Infrastructure,Concrete,Closing
3210389.5235445835,25.009696863427934,192,8,Philadelphia,Commercial,Wood,Planning
2980907.150582185,21.11876833266774,198,7,Philadelphia,Commercial,Concrete,Execution
799876.7367421511,17.887266398817374,48,1,New York,Residential,Concrete,Execution
3102158.417705519,35.152902928120284,187,9,Philadelphia,Infrastructure,Steel,Planning
2901375.435520045,37.21816001734407,175,9,Dallas,Residential,Steel,Execution
4775299.290003908,41.56566070006578,264,11,New York,Commercial,Steel,Execution
1683761.8595935733,24.475191570380577,140,5,New York,Infrastructure,Wood,Planning
1174431.2394025263,15.162326302755734,20,1,Los Angeles,Industrial,Glass,Closing
1927511.8117193736,14.40165052686928,124,6,San Jose,Residential,Steel,Execution
4378529.113357558,39.61389477388477,259,10,Houston,Infrastructure,Brick,Closing
1500118.8570252853,31.45471286295371,122,3,Philadelphia,Residential,Wood,Closing
4604450.127203556,39.51042376778548,295,11,Philadelphia,Residential,Brick,Execution
2110010.41980491,15.158277725681824,152,4,New York,Residential,Brick,Planning
3136713.864640096,23.170221443997328,224,8,Los Angeles,Commercial,Concrete,Planning
917138.4224130284,4.3514657267119095,61,2,Houston,Residential,Concrete,Closing
1661408.6371609229,19.50830186602625,130,4,New York,Residential,Concrete,Closing
861958.089586208,15.403903627773108,67,1,Chicago,Infrastructure,Wood,Planning
3123154.2299542283,36.01942218584408,197,8,Los Angeles,Residential,Brick,Closing
897693.315999082,10.856841405949853,48,1,San Antonio,Industrial,Brick,Planning
1887150.4802685224,20.922756515985185,181,7,Philadelphia,Residential,Wood,Closing
1001151.225114704,5.526963488902481,46,1,Philadelphia,Infrastructure,Concrete,Planning
583528.8853791542,12.35707778193202,39,2,San Diego,Residential,Concrete,Planning
2145525.908727396,20.259729429036497,165,5,Philadelphia,Industrial,Glass,Planning
1973196.5666654164,20.073440973645987,134,6,New York,Infrastructure,Brick,Execution
4599239.837472663,37.3234164371617,260,12,Chicago,Residential,Wood,Execution
4563490.652250035,38.335697978087445,248,9,Phoenix,Commercial,Glass,Planning
2111665.3825043445,20.380026957062057,161,4,San Diego,Residential,Brick,Execution
1957311.4258139585,27.45363068424976,153,5,Houston,Infrastructure,Brick,Execution
2954280.016931996,25.02825312695744,149,8,San Jose,Infrastructure,Steel,Planning
585555.9208867138,11.21843605745956,55,0,San Jose,Industrial,Concrete,Closing
4471570.692611891,41.69343658960845,271,11,San Jose,Residential,Steel,Execution
4242567.28628315,33.014409074435044,238,11,Chicago,Commercial,Concrete,Execution
2861057.373782188,27.95358780943448,190,8,Houston,Infrastructure,Concrete,Planning
2260868.0485756304,11.687540059821629,171,6,Los Angeles,Commercial,Brick,Planning
4388776.250647844,39.3496985322319,283,9,Dallas,Commercial,Steel,Planning
2986564.341990129,26.42120005444624,214,9,San Antonio,Industrial,Glass,Execution
888028.7983422225,7.993897640570818,54,1,Phoenix,Commercial,Brick,Execution
219806.0383213976,15.45753425961231,75,0,San Diego,Infrastructure,Concrete,Closing
2076387.0904463104,22.150208235955347,171,5,San Jose,Industrial,Glass,Execution
2380238.137150601,19.696695930926897,136,3,San Jose,Industrial,Wood,Closing
3053072.4698799257,27.08620671194209,151,8,Chicago,Industrial,Concrete,Execution
2085763.3000661144,23.46552803631572,154,5,Chicago,Industrial,Brick,Planning
661991.1026606032,10.653702886430455,79,0,San Antonio,Residential,Brick,Planning
2015364.378212051,13.585038879057151,170,5,San Antonio,Infrastructure,Concrete,Execution
609589.3812245296,8.361689267011158,42,0,San Jose,Industrial,Glass,Execution
4337799.827274231,34.429767749190034,255,10,San Antonio,Infrastructure,Concrete,Closing
2955359.549073039,37.44931719301041,168,7,Dallas,Commercial,Concrete,Execution
4464181.342996769,41.97909890547962,264,11,Philadelphia,Residential,Brick,Planning
4378699.322356852,42.27952097585352,241,9,Chicago,Residential,Concrete,Planning
964726.3499719544,4.867423502944699,53,0,Los Angeles,Industrial,Concrete,Planning
3043355.1127525256,24.51348736183578,188,7,San Jose,Commercial,Wood,Planning
4537035.107365983,42.12722432092086,254,11,San Jose,Industrial,Concrete,Planning
2247656.614286728,20.106357883680307,156,7,Phoenix,Industrial,Steel,Closing
4551439.794071185,38.796674127348936,250,10,Dallas,Residential,Brick,Closing
805993.725263964,4.372554763508117,99,1,San Diego,Industrial,Steel,Closing
629872.262016239,8.541531251033616,38,3,Philadelphia,Industrial,Glass,Closing
747300.5550524133,4.711445355220498,66,0,Phoenix,Infrastructure,Brick,Execution
2040113.8394461889,25.74318674714357,130,5,San Diego,Residential,Wood,Planning
761144.982457739,15.470957592354743,16,3,Dallas,Residential,Concrete,Closing
2964887.2109001568,33.34327402378953,202,9,San Diego,Commercial,Concrete,Closing
645455.395896192,15.245046129184448,36,0,Dallas,Commercial,Brick,Closing
989009.3257849684,2.384065476081126,39,1,Dallas,Infrastructure,Concrete,Execution
807954.9713792825,20.377003993227195,67,1,Los Angeles,Residential,Concrete,Closing
1786977.2673849254,18.47387647822666,138,5,Chicago,Infrastructure,Glass,Planning
2948764.049500924,28.792512770646105,199,8,New York,Industrial,Wood,Planning
1980282.373543148,20.09424811472424,164,5,San Antonio,Residential,Wood,Closing
2914151.115940268,32.9427663488536,168,8,Phoenix,Infrastructure,Concrete,Execution
4378354.698511048,41.81557813872261,256,8,San Diego,Industrial,Wood,Execution
1872207.6504621,13.38455103296251,183,6,Houston,Residential,Steel,Execution
1974292.4977122133,10.590754772511804,139,5,Los Angeles,Industrial,Concrete,Planning
4479313.755141943,33.80473648736679,292,12,San Antonio,Residential,Wood,Execution
4933011.213561321,45.95274297171798,254,11,Houston,Commercial,Glass,Closing
2011329.984979421,22.648463771783653,149,5,Dallas,Infrastructure,Wood,Closing
580641.256386319,2.4257638765706773,41,2,San Diego,Commercial,Concrete,Closing
4236573.616010683,43.88013956921738,230,9,Los Angeles,Infrastructure,Concrete,Execution
4785771.541562714,32.62933933978947,238,10,New York,Infrastructure,Concrete,Closing
2079844.624521056,23.235979698513702,140,7,Dallas,Commercial,Glass,Execution
3032952.1682473035,30.25443850928009,203,8,Dallas,Commercial,Steel,Closing
4690309.954114809,34.8941877121985,259,10,San Jose,Residential,Brick,Planning
1870144.490986799,13.880298666188718,151,4,Philadelphia,Residential,Steel,Closing
752600.3783755813,17.267670385786584,45,4,Philadelphia,Residential,Concrete,Planning
4641215.782763027,38.78659361593984,229,11,Phoenix,Residential,Wood,Planning
3131849.133686481,34.68785068813279,168,7,Dallas,Industrial,Brick,Execution
4822955.75814197,38.38985922753971,277,9,San Diego,Infrastructure,Steel,Execution
705807.1652340672,10.134429194972654,54,0,New York,Industrial,Wood,Closing
1950787.5023740104,15.783767023419042,193,5,Dallas,Commercial,Brick,Execution
4749900.980141232,33.33611301260175,243,9,Los Angeles,Industrial,Wood,Planning
613995.0556843018,11.161268485805016,56,0,Phoenix,Infrastructure,Wood,Execution
4695684.422405607,42.61071272966968,228,10,San Jose,Infrastructure,Glass,Execution
831650.5511428944,1.4870819788107976,71,1,Houston,Commercial,Steel,Execution
3014407.372256749,28.93895515049424,181,8,San Jose,Residential,Concrete,Planning
2909997.4284008374,36.28574608431286,189,8,Dallas,Residential,Brick,Execution
1869184.8633745152,10.846835515717716,160,6,Dallas,Industrial,Brick,Planning
624606.5884424465,19.062242789984644,64,0,San Antonio,Commercial,Concrete,Execution
2073457.462680268,29.19091838397561,146,5,San Antonio,Residential,Wood,Closing
717742.8576667982,12.020254284072692,88,1,Los Angeles,Residential,Concrete,Planning
901397.7233290704,5.389173379111873,67,2,San Antonio,Residential,Glass,Planning
3349916.780841084,36.90727039345244,174,9,San Diego,Commercial,Wood,Closing
700564.5234958807,6.590078760011007,30,1,Los Angeles,Residential,Concrete,Closing
3482523.084322583,33.92302143949012,200,8,San Diego,Industrial,Glass,Closing
2990897.550939752,27.878818333009782,189,8,New York,Residential,Glass,Planning
2899405.0458897315,31.31743607665529,206,8,San Jose,Industrial,Wood,Closing
1887566.39468434,18.95389063127736,116,4,Phoenix,Infrastructure,Wood,Closing
2962620.768367603,21.8476337814243,224,9,San Antonio,Commercial,Wood,Planning
584900.5606414977,8.393070791735033,58,0,San Jose,Residential,Steel,Closing
1039395.5768707466,10.982773882557874,71,0,San Antonio,Residential,Glass,Closing
2414816.5339499945,15.403077042067885,99,5,Los Angeles,Residential,Steel,Execution
2345508.6340201423,22.18161834837016,151,5,Chicago,Industrial,Concrete,Execution
564613.9056843834,9.702373219691,-15,0,Chicago,Commercial,Brick,Closing
2183815.296597554,18.548627279056745,155,5,San Jose,Residential,Concrete,Planning
2322444.125651085,24.48419657932766,145,4,Houston,Infrastructure,Glass,Closing
2135585.1742678536,17.560442959271487,193,4,Dallas,Infrastructure,Glass,Closing
2058711.586433326,13.217090976882975,159,5,New York,Residential,Brick,Execution
4271396.137585254,44.10079093377743,249,10,Los Angeles,Residential,Brick,Planning
4546557.348588033,36.21618011492037,206,11,New York,Commercial,Steel,Planning
3051550.50802855,23.79119712259188,207,8,San Jose,Commercial,Concrete,Planning
1906937.908643989,19.47025822847932,203,3,San Jose,Residential,Steel,Planning
1119327.3992095331,4.649576168369237,19,0,Phoenix,Industrial,Wood,Closing
2244206.7391050705,22.91048851734308,145,4,Chicago,Industrial,Concrete,Planning
735966.8577082705,1.6951953324200435,59,1,San Jose,Commercial,Glass,Closing
1176606.6749312533,0.2395610023874912,47,2,Los Angeles,Residential,Concrete,Execution
2953826.7252310463,37.266303316605175,173,9,Los Angeles,Infrastructure,Concrete,Planning
3008183.835079144,24.98906272109264,215,7,Chicago,Residential,Wood,Execution
4340011.898659613,30.459989314383463,242,11,Chicago,Infrastructure,Steel,Closing
4109779.627192275,40.7179396825258,214,11,New York,Infrastructure,Brick,Execution
3162279.3108983184,24.25868355623691,216,10,Los Angeles,Industrial,Glass,Execution
2396097.568835835,30.919247723768475,236,9,Chicago,Infrastructure,Steel,Closing
3059124.897749419,22.416787252896043,230,7,San Jose,Industrial,Glass,Planning
2172094.697671949,17.08461280715531,147,5,Los Angeles,Infrastructure,Wood,Closing
4354079.506038518,41.80708658636552,224,11,Dallas,Industrial,Glass,Planning
2279871.0873172004,24.623168414563843,151,4,Chicago,Industrial,Brick,Planning
394255.9502191443,17.480221557445915,63,1,Dallas,Infrastructure,Wood,Planning
1762480.3161940975,21.549103551135136,163,5,San Jose,Residential,Brick,Execution
2889892.630101683,23.896437870429207,190,8,Houston,Infrastructure,Glass,Closing
1676973.636818898,25.823696772285857,135,4,Dallas,Residential,Glass,Closing
4305324.232394593,45.0356666823658,257,10,Dallas,Infrastructure,Wood,Closing
3114122.599443906,34.84092330266431,193,7,San Jose,Infrastructure,Wood,Closing
4544867.931355616,44.52008777380657,244,11,San Jose,Commercial,Concrete,Execution
1994718.8486082144,21.40080579409804,134,5,Chicago,Commercial,Steel,Planning
2480683.117047655,19.71190601483208,154,6,San Antonio,Residential,Steel,Execution
485953.35859587154,19.15729382927177,74,1,Dallas,Commercial,Steel,Closing
2472850.4521966246,30.01687753298581,207,9,Los Angeles,Industrial,Concrete,Planning
443177.1658528756,16.388384109492545,57,0,Dallas,Industrial,Wood,Closing
4388890.6441026265,41.02194515801489,226,10,Philadelphia,Industrial,Wood,Planning
2812698.725042081,26.661102217655568,206,8,San Antonio,Residential,Brick,Planning
1875246.207860839,29.57015676933393,146,5,New York,Residential,Wood,Planning
4515715.40594383,29.35632952792594,259,9,Houston,Residential,Brick,Execution
4153759.739311015,47.47469113726618,251,10,San Diego,Commercial,Concrete,Closing
4708344.932811771,42.91772151505944,247,11,Phoenix,Industrial,Brick,Closing
2144476.271565554,18.135834239541165,185,5,Houston,Commercial,Steel,Closing
3139107.5515131555,34.24551055371572,194,8,Houston,Infrastructure,Steel,Planning
741968.4098711313,2.8461244894097595,53,0,Phoenix,Industrial,Concrete,Planning
2781613.219920937,34.451237504182544,203,9,Phoenix,Commercial,Brick,Closing
4501435.693381588,29.56761170814457,253,12,Los Angeles,Industrial,Brick,Execution
705307.4429348299,13.57000247046046,59,1,San Diego,Residential,Wood,Planning
1799933.735078885,16.611275147375743,160,5,Los Angeles,Industrial,Wood,Execution
4487184.447170257,42.68145454758595,206,10,San Antonio,Infrastructure,Steel,Planning
3020371.259052397,37.74510075747594,175,7,San Antonio,Commercial,Steel,Planning
3069930.009459939,22.175986143189725,202,8,San Jose,Commercial,Steel,Execution
3316108.1373136747,24.92452904086065,184,7,Dallas,Industrial,Glass,Execution
3095271.553871244,32.52735079583314,221,11,Dallas,Commercial,Brick,Execution
606311.1557495128,8.932764241440763,56,2,Los Angeles,Residential,Brick,Closing
1925558.6447857893,25.44374309852093,188,7,San Diego,Infrastructure,Wood,Planning
3015191.0535832173,33.71341209179861,210,7,Phoenix,Commercial,Brick,Closing
728593.9280090884,4.82378838790313,39,0,New York,Residential,Concrete,Planning
4455505.020644347,50.23431097859779,237,10,Philadelphia,Residential,Concrete,Planning
1994695.748150188,15.59062674386141,147,4,Chicago,Commercial,Concrete,Planning
1604140.0379248424,23.73955128058767,129,5,San Diego,Industrial,Wood,Closing
2091177.5544163208,30.82501172450542,137,6,San Jose,Commercial,Brick,Planning
894334.412808647,4.354741143913854,40,1,San Antonio,Commercial,Glass,Planning
765473.6615295237,5.693578993358682,80,2,San Antonio,Commercial,Brick,Closing
924464.1273441355,10.916710028691758,94,0,San Jose,Commercial,Wood,Planning
375841.61579482886,8.242432579793457,50,3,San Antonio,Infrastructure,Brick,Execution
4879553.403349196,35.26053641365507,233,11,Houston,Infrastructure,Steel,Execution
3143076.2630882487,33.59092862853967,209,8,Houston,Infrastructure,Steel,Planning
4627732.03372862,45.29059162543575,257,10,San Jose,Industrial,Wood,Closing
1601252.871485709,21.87028284923786,175,4,Dallas,Commercial,Brick,Planning
1965385.635143226,20.07789523790733,128,4,San Jose,Infrastructure,Concrete,Closing
3186438.312852077,28.81722356390527,223,7,Houston,Industrial,Glass,Closing
4467132.958822922,41.06046676537088,230,9,Chicago,Residential,Glass,Execution
663100.7545135369,8.454139382656804,54,1,New York,Commercial,Glass,Execution
588301.2794213624,7.491214782077318,68,1,San Jose,Commercial,Steel,Closing
2890088.572818284,34.29793943489901,192,8,San Jose,Commercial,Steel,Planning
942675.2258488644,12.06390463468249,66,3,Chicago,Infrastructure,Glass,Planning
4226835.168916912,39.25515345116352,260,12,New York,Infrastructure,Brick,Planning
2494087.9844611394,28.516962704651007,205,7,Philadelphia,Commercial,Steel,Closing
2893757.1410784805,32.4193832559402,178,9,Philadelphia,Infrastructure,Brick,Planning
4096302.427122273,40.72531872979691,266,10,Philadelphia,Residential,Steel,Closing
1812912.259591081,25.42991058087516,139,6,Philadelphia,Infrastructure,Brick,Planning
2621277.066609243,31.066468536864694,200,7,Houston,Infrastructure,Concrete,Execution
791772.719000951,0.2016493806011219,23,1,Dallas,Infrastructure,Concrete,Planning
2926144.5721507594,30.716942336711256,164,8,Philadelphia,Commercial,Wood,Planning
2415052.174525053,16.55406090955216,185,5,Houston,Infrastructure,Glass,Execution
1879726.4712097573,21.59890967071269,118,5,Houston,Residential,Brick,Execution
3176466.6124646817,27.7395483358346,191,8,San Jose,Infrastructure,Glass,Closing
1063104.805846868,9.67124869463506,39,3,Los Angeles,Commercial,Wood,Planning
2122703.594546084,14.886037174007972,145,3,San Antonio,Commercial,Steel,Planning
3082973.100072382,32.31644265059053,201,9,Los Angeles,Industrial,Brick,Planning
743057.6460589514,4.15660981190234,73,2,San Diego,Industrial,Glass,Closing
2217179.1131663155,22.373491164399763,149,6,Dallas,Commercial,Steel,Planning
1761214.9987201889,20.714715473818533,185,7,Chicago,Industrial,Glass,Execution
4600548.961498163,27.53364589834961,231,12,Los Angeles,Commercial,Glass,Closing
4556201.850056361,29.33702186922582,270,10,Houston,Residential,Brick,Planning
1890751.110349504,21.95902002701273,120,5,San Antonio,Residential,Steel,Planning
2064633.542836956,19.261987068506656,141,3,Los Angeles,Infrastructure,Glass,Planning
3052088.452666711,27.30579071903631,180,6,Chicago,Infrastructure,Concrete,Planning
3312577.75370164,28.63003459085348,195,8,Dallas,Commercial,Brick,Planning
4471924.988218932,41.53806334094598,240,11,San Antonio,Residential,Brick,Closing
2928331.9695957555,26.762290971824203,215,8,Los Angeles,Industrial,Glass,Execution
2004843.891334552,27.061102777077146,148,5,New York,Commercial,Steel,Execution
3038127.1182530047,34.70655290383742,179,8,Philadelphia,Residential,Steel,Closing
4315087.17712438,32.01200415202284,243,10,San Jose,Infrastructure,Concrete,Planning
4678590.774021754,49.14810100858044,242,11,Houston,Industrial,Glass,Execution
1995726.5411303127,16.263941604260882,102,6,Chicago,Industrial,Steel,Closing
3390831.4867500574,27.47126647869032,179,9,Chicago,Commercial,Glass,Closing
2199602.0219719303,5.518723109031553,192,5,Phoenix,Residential,Wood,Planning
582055.6315638449,7.00303677277989,8,0,San Diego,Industrial,Brick,Execution
2038876.8603154672,18.23416853594656,157,5,Philadelphia,Commercial,Glass,Execution
2127610.2202881514,22.50422237472229,114,4,New York,Infrastructure,Steel,Planning
632127.0486111577,14.248010485105125,57,0,Dallas,Commercial,Brick,Closing
3046014.1518382803,32.48871544545697,213,8,New York,Infrastructure,Concrete,Planning
4656574.746989715,37.84437215212451,258,11,Chicago,Commercial,Steel,Execution
4717753.930843335,38.11849637537502,250,9,New York,Infrastructure,Brick,Execution
1761272.633648704,24.595770868050007,170,4,Philadelphia,Residential,Glass,Execution
1879557.587927644,22.34387128037512,130,5,Chicago,Residential,Glass,Execution
4584813.37230369,40.1972352412037,221,9,New York,Infrastructure,Concrete,Planning
1996116.0788224533,18.484101085828623,166,3,Houston,Infrastructure,Concrete,Closing
859419.4762340076,8.98903673783053,46,2,Phoenix,Infrastructure,Brick,Execution
595434.9570924856,8.815906966299956,40,1,San Jose,Residential,Glass,Execution
4580096.277301266,40.65532593107925,248,9,Houston,Residential,Wood,Execution
3077264.663562312,28.97764389506939,235,10,Philadelphia,Commercial,Concrete,Execution
881708.854534566,20.051022693831747,46,0,Chicago,Residential,Glass,Planning
4300970.303629324,39.09248418932167,206,10,San Jose,Commercial,Steel,Planning
3135828.555087639,28.48977250255068,193,9,Phoenix,Commercial,Brick,Planning
4409090.456251311,38.90673361282482,248,10,Houston,Infrastructure,Glass,Planning
2906838.886176368,29.245811442166524,199,8,San Jose,Infrastructure,Steel,Planning
3918602.356135672,38.12588971689097,229,8,San Diego,Residential,Brick,Closing
4747916.801288312,38.0188516094912,271,11,Houston,Industrial,Steel,Execution
1965963.0754950144,17.733859753363625,164,6,Houston,Infrastructure,Glass,Closing
1996938.0301654008,22.896457498005443,152,4,Philadelphia,Commercial,Steel,Planning
1948191.5708358595,19.01825075457511,149,5,San Jose,Commercial,Brick,Closing
1688683.6202680496,17.859424195170437,180,6,Phoenix,Residential,Brick,Closing
1975810.370278444,22.09766221953513,132,5,San Antonio,Residential,Concrete,Execution
772703.4690502496,13.310653372605234,82,0,San Diego,Commercial,Concrete,Execution
4442290.260824859,36.08123239437786,285,9,Los Angeles,Industrial,Brick,Closing
4545052.82344951,43.4636137755843,225,12,San Antonio,Infrastructure,Wood,Planning
4569512.322760711,40.433488497071984,257,10,Philadelphia,Residential,Glass,Closing
2654838.6542418804,26.612176738321725,224,7,Philadelphia,Commercial,Concrete,Execution
4289971.852079571,43.78747574668743,277,11,San Jose,Industrial,Steel,Closing
627442.2619031228,8.06149220032008,56,1,San Diego,Residential,Wood,Planning
868130.9661384618,15.54351790291454,66,2,San Jose,Industrial,Steel,Closing
3087347.710346702,32.02147377480849,225,7,Los Angeles,Commercial,Brick,Closing
1808975.4841301288,22.117995327967307,191,4,San Antonio,Residential,Concrete,Planning
1639372.064748811,12.079320284972551,155,6,San Jose,Commercial,Concrete,Planning
2842802.7934730034,23.094776984231125,206,9,San Antonio,Infrastructure,Steel,Planning
1866381.9092713904,24.960211747682614,147,4,Phoenix,Infrastructure,Concrete,Execution
407373.0941818245,16.769361870827062,48,2,Phoenix,Commercial,Wood,Closing
2815628.037374937,24.980213139592507,204,8,Philadelphia,Infrastructure,Steel,Execution
1979110.1562925056,19.155891384049948,151,6,San Antonio,Commercial,Concrete,Closing
2878659.9410469406,31.056418461397364,224,8,Houston,Industrial,Concrete,Execution
2022654.0821075528,12.808610108413166,168,4,San Antonio,Industrial,Wood,Execution
2973705.480865666,34.13023585720753,191,6,Houston,Residential,Steel,Closing
4452377.912737589,40.23001373626637,232,11,Phoenix,Residential,Glass,Closing
2822151.834354335,34.77650279118876,218,9,San Diego,Industrial,Glass,Closing
3167788.1000939226,26.913734067265384,189,7,San Diego,Infrastructure,Wood,Execution
2154339.742129669,5.757286896849623,173,3,San Jose,Industrial,Concrete,Execution
2853165.240244301,30.4099777820678,209,9,San Jose,Commercial,Glass,Planning
4535057.355786785,33.31637280562035,242,10,Los Angeles,Commercial,Brick,Planning
4676281.505784715,43.60567681272791,232,11,San Antonio,Industrial,Glass,Execution
1805668.653091743,13.101909176055347,137,6,San Diego,Commercial,Brick,Closing
3292835.447750488,34.98429386732904,206,10,Chicago,Industrial,Steel,Closing
1790617.803463612,22.68326376263643,174,6,San Diego,Infrastructure,Glass,Execution
1781537.4470654842,18.41795775152599,174,5,Philadelphia,Commercial,Steel,Execution
3017178.6012586663,18.903498136262325,195,7,Chicago,Residential,Glass,Closing
4187701.355511628,47.51709914214499,243,10,Los Angeles,Industrial,Brick,Execution
460397.2199167512,-0.9940297831004088,59,0,San Antonio,Infrastructure,Steel,Planning
4546289.184505114,43.23244768862885,246,9,Dallas,Commercial,Concrete,Planning
646477.7401927657,11.118939758194491,50,2,San Antonio,Commercial,Steel,Planning
2192970.3266194914,28.07791411774116,125,4,Los Angeles,Residential,Concrete,Planning
1569636.919734139,16.4042334037879,146,4,San Antonio,Commercial,Concrete,Planning
4333609.01650111,36.80858636735753,234,9,New York,Commercial,Brick,Closing
431114.46824112657,7.003124885231136,50,1,Phoenix,Industrial,Glass,Planning
769399.1929985436,12.975785127184569,34,3,Chicago,Residential,Wood,Planning
2204514.086401928,32.19876203169636,178,6,Chicago,Infrastructure,Concrete,Closing
4444037.931524599,35.17731102544904,260,9,Houston,Commercial,Glass,Closing
1965474.540011836,24.41829968743336,163,3,Los Angeles,Infrastructure,Brick,Closing
2048150.6358977137,33.008415570901974,161,3,San Antonio,Infrastructure,Concrete,Planning
3134096.1234482424,24.64071383479922,169,9,San Jose,Commercial,Glass,Planning
454295.6019265145,6.400778958026457,41,2,San Diego,Industrial,Concrete,Execution
4357063.864601914,42.60639952506907,256,10,Dallas,Commercial,Glass,Planning
2964645.167376844,22.256908505681267,190,8,San Diego,Residential,Glass,Execution
2182716.92524665,15.984105246598276,180,5,San Diego,Commercial,Brick,Planning
1856635.535879439,10.6673169146347,148,5,Dallas,Residential,Concrete,Execution
2846171.5300425403,25.30048449445568,217,8,Phoenix,Industrial,Concrete,Planning
2335540.162815288,17.232058791460027,161,7,Houston,Infrastructure,Steel,Execution
2012894.882962024,10.122667168230643,131,5,Philadelphia,Commercial,Steel,Planning
2326686.3064602194,14.26827303490656,156,4,Phoenix,Residential,Steel,Execution
1060100.0985628157,5.008229796306045,70,1,San Antonio,Commercial,Steel,Planning
2009772.0140651409,20.202958456019413,136,4,Philadelphia,Residential,Concrete,Closing
2263423.013467973,19.409657365044605,108,4,San Antonio,Industrial,Wood,Closing
4707217.530209251,32.88512537369164,231,10,Los Angeles,Residential,Concrete,Execution
703169.3250553329,8.829315215254097,82,2,Chicago,Infrastructure,Steel,Execution
2374659.555243509,25.400240328573243,141,6,Philadelphia,Residential,Wood,Closing
4630995.116844338,44.05399322795855,230,10,San Antonio,Industrial,Wood,Closing
803410.0531738518,14.448153978117183,52,2,Philadelphia,Infrastructure,Brick,Planning
635267.5986239527,7.265705293798039,49,0,Houston,Industrial,Glass,Planning
2124314.37797121,18.15194831978183,158,5,New York,Residential,Brick,Closing
643899.7704778945,7.1209087967766,44,0,Phoenix,Commercial,Wood,Planning
749279.4921818863,4.208176554037286,80,2,Phoenix,Residential,Concrete,Planning
1003382.2298373246,6.461652671906096,59,2,Phoenix,Residential,Concrete,Closing
4917209.409907423,34.92620253407074,243,10,Houston,Infrastructure,Steel,Planning
3006559.399082317,26.20752332649965,195,7,Los Angeles,Industrial,Steel,Planning
3000105.5917713195,33.00603374464558,171,6,Dallas,Industrial,Brick,Planning
344971.48266847857,10.93227157384714,37,2,Dallas,Commercial,Brick,Execution
2932972.4437657096,31.711689172448107,231,9,Phoenix,Industrial,Steel,Closing
4252514.672355485,40.54704235916485,277,10,New York,Infrastructure,Concrete,Planning
2624689.458791625,33.09855722983068,187,7,Chicago,Infrastructure,Steel,Planning
848663.5801761779,10.92418061847437,33,2,Los Angeles,Commercial,Glass,Execution
2025044.900529581,17.852972294373735,152,6,San Jose,Residential,Wood,Planning
4839144.5755621735,49.48644347386556,253,11,Phoenix,Residential,Concrete,Execution
878544.5519735088,16.645762650662157,54,2,San Antonio,Commercial,Glass,Planning
850183.4375248761,5.112223776007244,52,2,San Jose,Infrastructure,Steel,Closing
552854.7907328913,12.520232577589224,39,0,Philadelphia,Industrial,Steel,Execution
2087311.9608315337,24.519674205430977,103,4,Chicago,Industrial,Glass,Execution
4680079.717679013,42.25612659659254,274,9,Los Angeles,Industrial,Brick,Planning
3334690.418059708,36.70230525895174,174,9,Chicago,Residential,Concrete,Planning
2033692.1952539228,26.5879876780398,130,6,Los Angeles,Residential,Wood,Planning
4425628.423544267,36.357691891598286,256,12,Los Angeles,Commercial,Steel,Execution
4588839.665458134,45.50661478867881,259,11,San Antonio,Infrastructure,Glass,Execution
4656426.000306292,36.04550309166223,234,11,Los Angeles,Industrial,Wood,Planning
3140901.3079649447,33.945283436877595,202,9,Phoenix,Commercial,Wood,Planning
921531.9246404038,9.200307350182864,50,0,Phoenix,Commercial,Wood,Closing
788219.8136039807,10.232182740780743,23,2,Chicago,Infrastructure,Glass,Planning
2302689.948648426,23.15405842277389,130,7,Houston,Infrastructure,Steel,Closing
1877319.467291812,18.48765156755936,142,5,Houston,Infrastructure,Brick,Execution
696118.6331110884,13.58771127897981,80,1,San Antonio,Residential,Concrete,Execution
892191.9936406983,12.2213165574302,43,2,Houston,Residential,Steel,Execution
381825.1537336709,3.602115166321492,38,1,Los Angeles,Infrastructure,Concrete,Execution
3106963.467269182,36.14490251244531,187,8,Philadelphia,Commercial,Wood,Execution
3087900.246124045,33.89468251756057,209,10,Phoenix,Commercial,Brick,Closing
3002854.613567286,25.23030290301677,192,9,Los Angeles,Industrial,Wood,Closing
2899164.033798465,29.59238663449177,207,8,San Antonio,Industrial,Wood,Planning
1687490.828622691,17.354736613268525,166,4,New York,Residential,Concrete,Closing
4307058.914849857,48.14234277386161,244,12,Chicago,Industrial,Wood,Planning
935235.5095063284,19.54708320235065,22,2,San Diego,Commercial,Wood,Planning
3083679.6441777367,37.00799296473215,213,6,Los Angeles,Industrial,Glass,Execution
771878.9589209786,13.62883311949346,60,1,Phoenix,Residential,Brick,Execution
769535.2197097663,6.134951080722668,50,1,San Antonio,Commercial,Glass,Planning
3099972.824748074,23.003469125990293,207,6,New York,Infrastructure,Steel,Planning
2026708.1809564563,19.23765081809728,164,6,Chicago,Infrastructure,Glass,Planning
593349.3415327526,8.389692418971622,66,0,Phoenix,Industrial,Glass,Execution
849342.8306022466,9.308678494144075,63,3,San Diego,Industrial,Wood,Execution
3177377.47801946,27.89619103159473,148,8,Los Angeles,Infrastructure,Wood,Closing
4264126.175673476,40.86127193205519,263,12,New York,Commercial,Glass,Execution
655792.3388763354,11.160249686788182,21,0,Los Angeles,Commercial,Steel,Closing
4398038.661361824,40.17220505852921,200,9,Phoenix,Industrial,Concrete,Execution
622452.0031497368,7.345015224990911,38,0,New York,Commercial,Glass,Closing
4133663.550558794,34.74345044180328,280,12,San Antonio,Industrial,Concrete,Closing
4260060.494326938,28.419280685155616,267,9,Phoenix,Commercial,Brick,Execution
4527977.446567825,44.98059107455565,222,10,Phoenix,Industrial,Steel,Execution
823734.6617745803,8.033305938363197,51,2,Houston,Infrastructure,Glass,Closing
2937388.393895369,29.99645702711677,175,9,San Jose,Industrial,Concrete,Planning
665962.6365808286,8.591076955697464,23,0,Dallas,Industrial,Glass,Planning
1730574.7420940606,15.141929807446743,174,4,Chicago,Industrial,Concrete,Planning
4461146.1736042965,36.22104249920819,271,12,San Diego,Commercial,Concrete,Execution
3485343.2972691045,32.16479912680348,172,7,Phoenix,Commercial,Concrete,Execution
2107659.2158099264,25.36253668654901,143,4,Houston,Infrastructure,Wood,Execution
3224870.6719741006,28.329613845100297,211,7,Phoenix,Industrial,Steel,Execution
3036766.9032645007,43.46516831990248,207,7,Chicago,Residential,Brick,Planning
1818853.5398274765,16.7311683067559,138,6,Philadelphia,Industrial,Concrete,Execution
4403287.703230693,36.9391654142259,260,10,Philadelphia,Commercial,Brick,Planning
982632.750430992,10.051165305097935,30,1,Philadelphia,Residential,Brick,Closing
604572.5648350263,8.762406822242475,49,2,New York,Industrial,Steel,Planning
3114625.56264824,21.070667540329445,193,8,San Diego,Industrial,Concrete,Closing
4529104.239553648,36.92938717495842,253,12,Phoenix,Infrastructure,Brick,Planning
4903055.022092128,46.45322230461274,242,9,Houston,Infrastructure,Glass,Planning
2907119.1475381223,32.31030446625948,216,8,San Antonio,Commercial,Concrete,Execution
1212931.7133347015,0.6636740370412593,64,0,San Jose,Industrial,Concrete,Execution
4635789.397552446,35.9379882553129,249,10,Chicago,Commercial,Wood,Closing
4750568.526885496,37.75887691849925,236,8,Chicago,Industrial,Brick,Closing
4420020.187573773,41.34647376290367,249,10,Los Angeles,Residential,Glass,Planning
4590120.682572508,30.65091830233918,227,10,Chicago,Residential,Brick,Planning
1834481.955870256,20.43071941523188,129,2,Philadelphia,Residential,Glass,Closing
3411308.7129659085,24.34555782337042,209,7,New York,Industrial,Concrete,Closing
3173831.2128778547,34.43645418633371,185,8,Philadelphia,Residential,Brick,Planning
2063834.902083836,26.70225223011572,112,5,San Antonio,Infrastructure,Steel,Planning
2856416.2218504795,28.847376874098742,224,8,Houston,Infrastructure,Wood,Planning
1998785.817692021,24.19245387225821,152,5,Chicago,Industrial,Steel,Execution
700851.3871828112,8.636382151261648,-4,1,Philadelphia,Residential,Concrete,Planning
742088.969228669,13.407503486863122,51,1,San Antonio,Industrial,Glass,Execution
879075.1899170295,16.843157787661745,31,2,San Jose,Residential,Steel,Planning
2605979.236457633,34.462986691496546,176,9,San Antonio,Residential,Glass,Execution
790584.6041702599,2.4212794250138403,81,3,San Antonio,Residential,Wood,Execution
2016487.9505869008,12.712242502675348,144,4,Philadelphia,Residential,Concrete,Closing
1789263.5161707292,14.660985392104037,169,7,Philadelphia,Commercial,Steel,Planning
4358621.48640253,44.27777829510356,283,11,Houston,Industrial,Concrete,Closing
4439828.050571835,33.95261532290597,258,10,San Antonio,Industrial,Steel,Planning
699486.369721368,3.761084090175753,83,0,San Jose,Infrastructure,Steel,Planning
789811.939114694,6.998915614206027,51,1,New York,Commercial,Brick,Closing
2934276.304850203,33.01593715541171,189,8,Chicago,Commercial,Brick,Execution
2775491.0387511174,25.41248589492868,220,8,Los Angeles,Commercial,Steel,Planning
1758061.0514317786,22.999643649981024,181,6,San Antonio,Infrastructure,Concrete,Closing
1075723.1091142583,3.099492708925543,16,1,San Diego,Residential,Wood,Planning
4884689.158964991,36.12692514990709,216,10,Los Angeles,Industrial,Concrete,Execution
907160.0317301664,12.127287808924825,31,1,Phoenix,Residential,Steel,Closing
555063.6659545357,13.93542301871226,73,0,Houston,Commercial,Wood,Planning
1938393.143162852,23.898302661346698,176,6,Los Angeles,Industrial,Steel,Closing
489106.09989902936,13.348362744150192,57,0,Houston,Residential,Steel,Planning
4759212.612356279,34.464215915987744,243,10,San Jose,Industrial,Glass,Execution
2220191.926999714,29.791737271102967,125,5,Houston,Industrial,Concrete,Planning
446961.7875602896,16.834371337222624,83,1,San Antonio,Residential,Wood,Execution
1781806.7139569605,17.945928560227077,128,5,Philadelphia,Infrastructure,Brick,Closing
1955749.2752828456,18.6159335005554,156,6,New York,Residential,Wood,Execution
2020840.2207903755,19.687034360502388,135,5,Los Angeles,Commercial,Wood,Planning
3041931.883054925,27.541819071839765,216,7,San Diego,Residential,Concrete,Closing
554825.3494045334,15.268208983039198,31,4,Phoenix,Industrial,Wood,Execution
2807248.214757878,25.214245425524787,207,8,San Jose,Industrial,Steel,Planning
681462.4811839303,8.142795670021043,22,0,Houston,Industrial,Steel,Closing
660899.4957198456,17.266922385588504,82,0,New York,Residential,Wood,Closing
4617180.84023293,36.31614932026189,222,10,Phoenix,Infrastructure,Wood,Closing
4566170.260923116,47.25500719065669,268,9,Phoenix,Infrastructure,Concrete,Planning
4477866.926288534,35.51678886342396,267,10,Houston,Commercial,Steel,Planning
1572865.1572042608,35.688742668299966,171,5,Chicago,Industrial,Glass,Closing
1905232.1305858167,19.927738645608603,161,5,Chicago,Residential,Brick,Execution
2917400.4355713134,25.366508455763444,199,7,Phoenix,Industrial,Brick,Planning
656105.1228130095,12.712800217929823,41,1,San Jose,Infrastructure,Steel,Closing
1875470.1276531096,20.97303727618621,135,4,Phoenix,Residential,Glass,Planning
908206.3894086094,5.453062726026305,78,0,San Antonio,Residential,Glass,Planning
4327659.385948748,40.15015739582041,207,11,Houston,Commercial,Glass,Planning
703813.0939582644,13.481031824067092,87,2,Chicago,Infrastructure,Concrete,Closing
2131180.1553059523,20.97368097359388,150,5,Chicago,Commercial,Glass,Planning
2776695.112010268,36.179058100034695,197,7,Phoenix,Commercial,Steel,Planning
2013571.1021054809,24.263868375611096,160,4,Los Angeles,Industrial,Glass,Closing
1103090.8480562195,12.024908554804778,25,2,Chicago,Residential,Glass,Planning
4663100.204488853,39.75955746334613,246,10,Houston,Commercial,Brick,Planning
622522.5745386964,15.945082655537758,78,0,San Diego,Industrial,Steel,Planning
4485205.4272811245,39.62167197837085,289,9,Los Angeles,Infrastructure,Brick,Closing
597348.1686914966,0.9755894966774044,17,1,New York,Commercial,Brick,Closing
2327992.9058742784,23.71063745535946,152,3,San Antonio,Infrastructure,Wood,Planning
1123154.9022289517,12.369164604558938,26,2,Los Angeles,Residential,Wood,Planning
4635786.258011855,39.31502255278771,240,10,Philadelphia,Commercial,Brick,Planning
2295308.069945179,26.900456770737257,137,5,Los Angeles,Infrastructure,Glass,Execution
1994497.018989873,28.86125798334872,183,5,Dallas,Commercial,Glass,Closing
4540465.759284561,48.15928449544555,235,12,San Diego,Industrial,Concrete,Closing
886378.2979252622,19.23353662868017,62,1,New York,Commercial,Brick,Execution
333614.1184232556,18.48228184145019,54,1,Los Angeles,Infrastructure,Brick,Planning
4277683.95009729,39.82087210646768,239,8,San Jose,Residential,Concrete,Execution
2959701.6932104966,29.96739342385271,212,9,Los Angeles,Residential,Brick,Closing
696222.2618890338,4.467370456291649,101,1,San Jose,Infrastructure,Brick,Execution
1912722.8218946864,19.45195098037085,148,5,Philadelphia,Infrastructure,Glass,Closing
4510451.698099497,34.69697466801699,236,9,New York,Infrastructure,Concrete,Planning
4738547.033083282,33.71065922045556,265,11,Philadelphia,Industrial,Brick,Execution
1694868.737085981,26.31292051713591,139,8,Houston,Commercial,Steel,Planning
4340888.586411824,42.12196968930506,276,8,Phoenix,Industrial,Wood,Planning
2102720.0213139434,17.336495801690443,127,2,San Jose,Commercial,Brick,Closing
1842802.1078984104,13.34383523221111,113,6,New York,Residential,Glass,Closing
4590701.742510893,35.0885298287266,251,10,Los Angeles,Commercial,Wood,Planning
2944207.4139336385,28.601199157520828,216,8,Philadelphia,Residential,Concrete,Execution
3204276.65908588,40.442213864349625,168,6,San Antonio,Residential,Glass,Closing
4328700.35251816,40.48835188374168,225,8,San Antonio,Infrastructure,Glass,Execution
4560340.001780347,40.87768114789299,213,9,Philadelphia,Residential,Concrete,Planning
3004493.178562409,32.73559557587605,176,9,Phoenix,Infrastructure,Glass,Planning
876481.5478111042,14.862772248133648,62,0,San Jose,Commercial,Wood,Planning
4353673.652218294,49.45220342577891,251,11,Houston,Residential,Concrete,Planning
795491.9869208259,16.53571377141214,18,1,Los Angeles,Commercial,Brick,Planning
1950261.7747632903,28.036727880099964,160,6,Houston,Industrial,Glass,Closing
809224.0554129152,11.305276360899446,50,1,Dallas,Infrastructure,Concrete,Execution
2582594.596279586,27.076911346714,199,7,San Antonio,Commercial,Glass,Planning
255671.09997454216,6.015523722647616,62,1,Philadelphia,Industrial,Brick,Execution
2190627.326782649,21.43562082600912,138,5,San Antonio,Residential,Glass,Planning
1824403.482648688,15.8655982298007,145,5,New York,Residential,Brick,Execution
2153216.055676938,26.13466611942154,148,5,Los Angeles,Industrial,Brick,Execution
1852894.0114820467,26.18046587605219,172,6,Los Angeles,Industrial,Wood,Closing
4374453.218783099,38.55980563038962,278,8,Phoenix,Residential,Brick,Planning
4539226.291804781,35.47965855132,219,10,San Antonio,Commercial,Wood,Closing
2006400.8298131533,16.232910648269083,159,4,Los Angeles,Infrastructure,Concrete,Planning
2989519.109884506,38.520527581277456,225,8,San Jose,Infrastructure,Glass,Planning
2225210.0501544336,19.74303138205757,115,6,Houston,Commercial,Wood,Closing
4481108.2571116,42.09804986012059,233,11,New York,Industrial,Steel,Closing
2032114.7962099728,20.01523010076708,159,6,Los Angeles,Commercial,Steel,Closing
4601117.848367175,47.44556554164145,295,10,Los Angeles,Residential,Concrete,Closing
4690003.165733929,41.215023610272,219,10,Philadelphia,Infrastructure,Concrete,Planning
3404861.9246573704,23.184129977035948,204,7,San Jose,Industrial,Steel,Execution
1987172.3306814013,21.6438120515174,156,5,New York,Infrastructure,Steel,Closing
912505.1644788396,16.781200142854114,49,2,Houston,Industrial,Brick,Closing
4642542.405772266,30.58424895970708,243,10,Chicago,Industrial,Glass,Planning
798392.4543132068,0.4335987767110101,16,0,San Diego,Residential,Concrete,Execution
2669022.5127543407,25.19976852360268,198,8,New York,Industrial,Glass,Execution
1068637.3253278793,7.443921617844074,30,1,San Jose,Infrastructure,Concrete,Execution
4220842.159561503,42.956746208792,236,10,San Diego,Residential,Brick,Closing
3178039.6822249573,35.17624667361876,163,7,San Antonio,Industrial,Steel,Execution
1883895.3100390555,22.94289202210305,183,5,Philadelphia,Residential,Steel,Closing
940800.3526986404,13.25695625652899,44,2,Los Angeles,Industrial,Steel,Planning
3093334.196393216,37.6050311357969,181,10,San Jose,Industrial,Concrete,Planning
724416.4817038467,5.222297796997872,18,1,New York,Commercial,Steel,Closing
2855652.4893325493,30.88410436069699,189,8,Philadelphia,Industrial,Brick,Execution
1972308.8032032447,13.878508818553172,146,4,Phoenix,Industrial,Steel,Closing
2808712.7246363983,32.362031389401885,230,8,San Diego,Industrial,Brick,Planning
3219293.8467621766,26.87161356251893,174,8,New York,Commercial,Concrete,Planning
3136665.798562214,28.9534309021032,221,10,Phoenix,Infrastructure,Glass,Planning
2953196.028178604,32.33179187223168,220,8,San Diego,Industrial,Brick,Execution
2995289.5698251524,29.12822871048582,205,8,San Antonio,Residential,Glass,Execution
2924960.7239352125,28.41142451621883,226,9,San Jose,Residential,Brick,Planning
505574.4382216109,13.56499215086194,45,1,Los Angeles,Commercial,Concrete,Execution
875133.4695530012,5.714212217918587,29,1,Los Angeles,Commercial,Brick,Execution
2726336.992233438,39.93637999615404,218,8,Dallas,Commercial,Glass,Planning
3081721.461540353,28.46095764430558,183,7,Phoenix,Infrastructure,Brick,Execution
3112576.172034871,25.60092823248973,240,7,San Antonio,Industrial,Glass,Planning
2934421.0566974166,30.775953419294897,217,7,New York,Commercial,Wood,Closing
4672327.224899589,40.69530199326709,218,9,Phoenix,Industrial,Brick,Execution
4225428.109703788,41.75739950176101,210,10,San Jose,Commercial,Glass,Execution
4222291.489233757,31.99864447748145,226,10,San Antonio,Residential,Wood,Closing
4655869.8007810665,39.80490240311228,242,8,San Antonio,Industrial,Steel,Closing
598729.8509431393,2.888731452011629,37,0,San Antonio,Industrial,Concrete,Planning
2839992.287120471,29.682377126923225,225,8,Dallas,Commercial,Brick,Closing
4423436.562077406,39.38135526862582,242,9,Dallas,Commercial,Brick,Closing
826813.0897878614,9.836526259529537,9,1,Chicago,Commercial,Brick,Closing
4898310.660440947,35.839693475750714,239,10,Los Angeles,Industrial,Steel,Planning
4655031.098806957,42.76520042926179,255,10,Houston,Infrastructure,Wood,Planning
4772512.57054249,48.20307281744144,313,9,Los Angeles,Residential,Brick,Planning
3134572.247193364,32.95907066870689,193,7,San Antonio,Infrastructure,Steel,Planning
606939.2581480064,13.39798874467338,35,1,New York,Commercial,Glass,Closing
801944.5003442963,5.478416874477957,63,0,Dallas,Industrial,Wood,Execution
3018350.4968896746,31.261201982133382,198,8,Chicago,Industrial,Steel,Execution
4835278.605441641,35.272465600286345,227,11,New York,Commercial,Wood,Closing
2962175.921844593,34.6082505596223,197,10,Houston,Industrial,Steel,Execution
918128.7097977448,6.736880103488046,41,0,Houston,Commercial,Brick,Execution
2412300.71532728,26.04183115296572,170,6,Dallas,Commercial,Steel,Closing
2033872.164807216,12.9314275154751,148,4,Phoenix,Residential,Wood,Execution
1871290.0335365075,25.149804087905807,143,5,Los Angeles,Infrastructure,Glass,Planning
824229.1746742618,6.980074066420897,52,1,San Diego,Industrial,Steel,Execution
614615.5999388082,13.05838144420434,71,2,Los Angeles,Infrastructure,Glass,Execution
916067.1633088492,5.719580870455664,51,1,Houston,Commercial,Wood,Closing
1043129.7537843108,8.871118497567322,51,0,Phoenix,Residential,Steel,Closing
817699.2814988828,7.923560430495994,63,3,San Jose,Industrial,Brick,Closing
854388.3131233795,11.48492336616593,55,1,New York,Infrastructure,Concrete,Execution
4740052.3499477655,37.68419318957301,242,11,San Jose,Infrastructure,Wood,Planning
2174259.459491449,13.270101598766257,153,7,Chicago,Residential,Steel,Closing
4628108.587014955,40.61539100828091,248,9,San Jose,Infrastructure,Concrete,Execution
2139390.880902147,18.33090255121995,173,5,San Jose,Residential,Glass,Planning
2678467.7945763883,30.923702894478623,240,8,Chicago,Industrial,Concrete,Execution
3049861.7191283456,35.225442370423764,203,8,San Diego,Infrastructure,Concrete,Planning
2278493.060012866,18.749767427005235,156,5,San Jose,Infrastructure,Concrete,Closing
1936189.2128666765,16.019870715982556,172,5,Los Angeles,Infrastructure,Steel,Closing
3125101.603366208,34.42615741494495,188,8,Phoenix,Infrastructure,Wood,Closing
1779326.6787652252,9.235547035237586,158,7,New York,Infrastructure,Concrete,Planning
4514639.398200339,39.2487850560087,274,10,San Jose,Industrial,Wood,Planning
3124441.4288086803,24.30583441109616,221,8,Houston,Commercial,Brick,Execution
2463865.907996339,21.96658919697186,154,5,Dallas,Industrial,Concrete,Closing
1877646.181818943,19.81481601475794,141,4,Los Angeles,Commercial,Brick,Execution
1940487.2993280017,26.878534066558096,147,5,Phoenix,Commercial,Glass,Planning
3135874.656591301,24.25602982420672,213,8,New York,Infrastructure,Wood,Closing
767409.4136476342,8.504963247670663,52,0,Dallas,Infrastructure,Concrete,Closing
2908775.834505162,30.90713310056985,212,7,Philadelphia,Infrastructure,Wood,Closing
3004177.297659192,31.153504528593416,175,7,San Diego,Commercial,Concrete,Planning
2061610.1079008204,18.041757162891045,155,5,San Diego,Commercial,Concrete,Planning
4924954.280603392,46.656695309942016,288,9,New York,Commercial,Glass,Execution
3100133.144276242,30.2488684359048,200,7,Philadelphia,Industrial,Concrete,Planning
2192775.823358982,31.05261500795676,139,4,San Diego,Industrial,Concrete,Closing
659986.9057041513,13.114249661737494,29,1,San Jose,Industrial,Wood,Planning
3199314.102115889,27.66752310385901,213,8,Phoenix,Residential,Steel,Execution
2017681.3772583688,27.38765040527631,127,5,San Diego,Commercial,Wood,Execution
1989021.199876743,21.427770374288286,160,6,Phoenix,Residential,Steel,Planning
1771254.7585358676,20.542798528882617,149,5,San Antonio,Commercial,Glass,Execution
577917.3269432095,8.077222278850874,70,0,Philadelphia,Infrastructure,Wood,Planning
2190625.0090752174,22.565427100486467,165,6,Philadelphia,Industrial,Wood,Closing
641016.18263821,11.995680571760357,49,2,Chicago,Industrial,Brick,Closing
627696.4394016103,2.9666945157588884,32,0,Houston,Infrastructure,Steel,Closing
2064615.8546232053,18.738232489368563,144,3,New York,Residential,Concrete,Planning
3361861.269946622,28.90977052303813,183,7,San Jose,Infrastructure,Wood,Planning
2875130.922057356,29.07737321172075,188,6,Chicago,Infrastructure,Steel,Planning
4716538.210777415,37.64437674091061,248,11,Philadelphia,Commercial,Concrete,Closing
963334.9379178308,15.846477952228364,78,2,Dallas,Infrastructure,Concrete,Planning
786373.251011699,11.24110293150168,41,0,Philadelphia,Residential,Glass,Closing
3052804.016266734,36.36176750053384,215,8,Phoenix,Infrastructure,Steel,Planning
706065.6224324976,11.785562857558732,80,0,Houston,Commercial,Brick,Planning
2111120.89320069,20.447903406276243,146,5,San Jose,Commercial,Concrete,Planning
2221105.186591597,25.9351515278019,163,4,Phoenix,Residential,Brick,Planning
1996072.440214664,22.762449772085738,154,6,San Jose,Industrial,Glass,Execution
